<?xml version="1.0" encoding="utf-8" ?><dwsync><file name="header2.png" server="ftp.timleunissen.nl/www/Openbijles1/" local="3441442365" remote="318763443835476732" Dst="-1" /><file name="background.jpg" server="ftp.timleunissen.nl/www/Openbijles1/" local="3441443850" remote="318763443835476732" Dst="-1" /><file name="card-backgroundSmall.png" server="ftp.timleunissen.nl/www/Openbijles1/" local="3442506245" remote="318763443835476732" Dst="-1" /><file name="bijlesdocent.png" server="ftp.timleunissen.nl/www/Openbijles1/" local="3442125281" remote="318763443835476732" Dst="-1" /><file name="docent.jpg" server="ftp.timleunissen.nl/www/Openbijles1/" local="3441436025" remote="318763443835476732" Dst="-1" /><file name="student.jpg" server="ftp.timleunissen.nl/www/Openbijles1/" local="3441436016" remote="318763443835476732" Dst="-1" /><file name="arrowLeft.jpg" server="ftp.timleunissen.nl/www/Openbijles1/" local="3441443196" remote="318763443835476732" Dst="-1" /><file name="arrowRight.jpg" server="ftp.timleunissen.nl/www/Openbijles1/" local="3441443181" remote="318763443835476732" Dst="-1" /><file name="logo.png" server="ftp.timleunissen.nl/www/Openbijles1/" local="3442426554" remote="318763443835476732" Dst="-1" /></dwsync>